the;50074257
to;25557793
and;24821791
of;23605964
a;21889251
in;16560377
i;14722307
that;13441314
you;12060967
it;11111285
is;10173313
for;8498936
on;6901553
was;6851383
he;6469768
with;6444400
this;5562393
as;5496470
n't;5312220
we;5183326
be;5048552
have;5025573
are;4985174
not;4686501
but;4603799
at;4526914
they;4505732
do;4502940
what;3811194
his;3762369
from;3731282
by;3453002
or;3421821
she;3189351
my;3107804
all;3097696
an;3061527
there;2914456
so;2902801
her;2892425
about;2891703
me;2851610
one;2818942
had;2724328
if;2710989
your;2578275
can;2531671
who;2510945
no;2488975
out;2467523
has;2444447
their;2417362
were;2382804
like;2368863
just;2352138
would;2350385
up;2333666
when;2320759
more;2288032
will;2264384
know;2112737
said;2052406
did;1890945
been;1874778
people;1784509
get;1744578
him;1719620
time;1701102
them;1693142
some;1686328
how;1667534
now;1655217
which;1614076
could;1530721
think;1493360
than;1476213
our;1468290
into;1461816
other;1454666
right;1444817
here;1414885
well;1388889
new;1371340
then;1350288
because;1346956
go;1262075
see;1258974
back;1254771
only;1231337
these;1223774
over;1223233
going;1223128
us;1161894
also;1143161
two;1141705
first;1140093
its;1139557
even;1135249
good;1130894
way;1125106
where;1098671
after;1086427
want;1084605
got;1060448
very;1038312
years;1033075
make;1028279
any;997954
most;997538
say;969302
much;966838
does;965529
those;964825
down;923964
should;921238
come;912579
many;904040
really;896684
take;864423
may;847033
through;841291
says;838601
why;833752
before;822638
work;813563
still;791726
look;776545
something;775164
too;772471
need;757323
let;755919
little;754281
being;750860
off;746574
day;745652
never;744977
man;744608
last;741851
life;720517
such;719903
world;716009
made;707189
yeah;705657
year;698546
oh;687523
while;662786
around;643386
things;631286
own;611007
same;597472
another;596268
ca;589387
long;584290
both;583170
use;578271
state;577192
thing;572447
three;571943
between;570995
every;569326
great;565204
home;559792
each;545542
yes;538553
lot;535976
again;531787
tell;530442
help;528145
president;527770
school;527246
might;526015
am;521882
mean;515919
find;514119
mr;514094
house;501127
put;500473
love;497040
better;495677
since;495145
always;493167
next;488954
used;487179
away;486951
part;485751
place;475650
few;472888
thought;472552
big;471533
against;467839
give;462614
doing;461787
sure;453933
best;450898
without;444532
women;443704
children;442631
found;442540
family;441040
na;439317
money;437604
today;431743
must;430788
told;427827
okay;427310
old;426120
american;425152
during;423699
night;422552
under;421360
left;420993
point;420859
kind;417126
different;413747
end;413640
show;407393
god;405305
came;403042
ever;402993
feel;402775
though;401952
keep;401067
high;398502
states;396934
enough;396605
government;396422
anything;395551
nothing;383877
students;383366
until;382431
country;377978
went;377066
city;375602
believe;375032
once;374966
maybe;374724
public;374253
called;372454
call;371200
white;369417
case;360937
talk;360840
course;360346
percent;357621
done;356752
gon;355454
times;354347
actually;354125
days;353629
real;350225
fact;349683
men;348932
took;347307
care;347161
number;341916
head;340656
less;339506
yet;338754
second;336773
system;335054
important;331815
far;331811
hey;331260
someone;329132
trying;329076
getting;327697
change;327055
week;326765
set;326720
however;326201
water;324518
business;324265
everything;324150
small;323880
room;323298
wanted;322608
least;322283
national;322172
thank;320990
story;319852
power;319416
group;319261
four;319239
mother;318786
having;318644
name;317460
woman;317165
war;316609
information;314377
problem;314233
job;313048
later;312118
already;311672
game;311458
black;310554
hard;308390
making;308163
looking;306321
asked;304978
million;304230
book;303554
together;303489
face;303463
health;300735
united;300092
question;299932
hand;299551
father;299459
person;297524
young;296724
often;295831
ago;295541
seen;294380
past;293944
social;290452
news;289547
bad;286991
play;286696
try;286552
coming;286229
company;285648
others;285353
side;285004
team;284873
read;282747
whether;281137
able;279622
almost;279516
political;279516
live;279002
knew;278209
law;277444
become;276547
start;275954
saying;274341
open;273322
working;272206
whole;271161
support;270982
stop;270980
york;270647
five;270338
probably;269897
saw;269465
among;267844
using;267406
research;266341
guy;264953
idea;264893
run;264197
makes;263882
early;262854
else;262260
including;261876
study;261496
john;261313
understand;261063
top;260825
human;257774
university;256738
talking;256696
free;256574
along;255995
within;255537
history;253704
morning;253007
eyes;251908
several;251581
line;248583
ask;247925
mind;247644
please;247643
program;247198
across;246968
kids;244758
car;244677
behind;244552
party;243697
child;242585
america;241743
everyone;241508
body;240278
remember;239818
example;239716
sorry;237629
hear;237525
control;237510
given;237413
rather;236879
means;235361
data;235073
obama;235051
started;234505
office;234258
TRUE;233940
community;233823
wrong;233691
months;232486
friends;232421
general;231978
matter;231673
move;231115
education;230502
food;230398
heard;230159
looked;228872
either;228847
himself;228764
happened;227942
s;227885
large;227659
guys;226717
sense;225488
center;225284
pay;223592
leave;223458
order;222743
music;222578
pretty;222515
taking;221429
police;220863
process;220128
turn;219696
comes;219194
lost;219171
wo;218749
future;218731
court;217929
table;216451
half;215810
close;215779
hope;215553
light;215115
minutes;214828
seems;214690
parents;214632
possible;213993
reason;213979
bit;213633
experience;213126
area;213061
words;212573
although;212476
wait;211573
door;210291
felt;210159
according;209849
air;209488
full;208839
deal;208688
anyone;208054
death;207846
local;206626
hours;205369
thanks;204900
issue;203757
stay;203720
age;203043
front;202648
sometimes;201959
instead;201311
moment;200434
living;199745
college;199358
girl;198734
needs;198688
ok;198588
plan;198585
turned;198282
dr;197700
bring;197531
level;197090
major;196857
washington;196538
clear;195945
bill;195178
outside;195161
service;194554
heart;193295
friend;193156
taken;192392
hands;192095
perhaps;191562
six;191532
season;191277
members;191203
known;190820
word;190792
problems;190571
cut;190431
thinking;189977
based;189319
likely;189242
street;189237
security;188741
son;188676
gave;188373
themselves;188302
late;188229
al;188126
inside;187262
looks;186718
especially;186167
former;185116
federal;185072
market;184329
began;183906
myself;183352
nice;182801
wife;182510
quite;181484
gone;181366
finally;181335
toward;180798
military;180732
m;179994
fine;179869
report;179251
dead;178826
hold;178476
questions;178450
special;176898
baby;176885
cause;176415
south;175902
policy;175808
issues;175449
phone;175412
soon;175313
boy;175244
hit;175189
north;173610
economic;172193
lives;171665
couple;170729
rest;170462
church;170288
goes;169968
red;169942
class;169413
development;168430
act;168327
above;167379
figure;167305
watch;167009
middle;166975
simply;166619
happen;166053
wants;165971
sort;164890
personal;164361
running;164149
needed;164121
space;163859
tried;163851
form;163771
easy;163585
department;163040
exactly;162866
view;162660
art;162357
media;162182
building;161919
evidence;161481
field;161428
seem;161032
ways;160902
provide;160643
energy;160492
alone;160446
ready;160274
yourself;160068
weeks;160064
answer;159150
became;158671
voice;158537
happy;158440
gets;157928
reading;157852
international;157811
guess;157705
uh;157193
certain;157126
town;156933
meet;156088
role;155917
results;155848
longer;155758
worked;155303
itself;155036
third;154272
whatever;154083
following;153672
single;153374
rights;153285
tax;153145
stuff;153066
groups;152959
short;152817
takes;152292
strong;152080
per;151895
force;151879
brought;151780
recent;151685
available;151451
current;151317
post;151295
fire;150769
science;150604
society;150423
bush;150246
feet;150166
works;150022
month;149669
mom;149324
americans;148758
road;148290
interest;147610
whose;147526
david;147332
chance;147167
student;147156
companies;146935
held;146539
higher;146037
oil;145847
break;145817
buy;145555
west;145535
attention;144867
seemed;144659
win;144540
campaign;144517
cost;144218
dad;144084
near;143600
services;143284
lead;143168
sound;143111
learn;143056
points;142678
ground;142675
low;142248
common;141906
position;141856
upon;141469
private;141288
list;140596
series;140280
continue;140006
director;139647
hair;139560
listen;139530
land;139516
test;138439
stand;138407
press;138389
film;138312
knows;138276
certainly;138270
share;138270
nearly;138053
result;138010
further;137949
action;137590
fall;137394
check;137264
blood;137156
shot;137040
situation;137010
relationship;136943
king;136906
everybody;136648
difficult;136621
medical;136560
studies;136505
site;136419
model;135946
games;135928
killed;135583
truth;135265
county;135138
vote;135107
books;134900
article;134755
earth;134547
schools;134479
record;134004
tonight;133549
playing;133358
terms;133280
movie;133244
risk;133195
video;133137
nation;132797
husband;132730
return;132680
technology;132559
present;132265
hell;132107
key;131612
kill;131283
project;131215
individual;131162
nature;131011
effect;130900
shows;130823
involved;130563
decision;130462
forward;130319
photo;130219
programs;129954
park;129764
writing;129466
similar;129333
met;129149
congress;129070
green;128989
fight;128921
fun;128810
spent;128547
step;128479
wrote;128260
create;128182
feeling;128089
teachers;128017
dark;127612
george;127082
include;127004
economy;126963
california;126859
changes;126855
wall;126667
board;126621
paper;126560
cases;126256
administration;126130
industry;126062
value;125656
agree;125628
recently;125628
learning;125604
price;125077
color;124933
total;124873
natural;124741
particular;124661
republican;124514
clinton;124177
sir;123947
et;123930
beyond;123636
usually;123351
significant;123117
walk;122951
qwq;122893
summer;122504
died;122501
michael;122422
entire;122406
serious;122344
ahead;122303
officials;122238
rate;121972
countries;121944
practice;121762
east;121570
poor;121469
earlier;121392
defense;121079
beautiful;120837
period;120836
reported;120827
simple;120790
girls;120776
drive;120747
final;120593
daughter;120465
quickly;120312
moved;120057
language;119934
financial;119888
p;119359
race;119259
focus;119180
areas;119131
hour;119072
hot;118739
brother;118708
thus;118680
jobs;118556
meeting;118548
sex;118404
decided;118388
kept;118112
choice;117838
type;117672
c;117464
election;117263
interesting;117192
note;117131
ones;117072
add;117042
difference;116108
speak;115904
tv;115813
culture;115578
somebody;115469
moving;115419
led;115359
write;115340
average;115329
b;115289
knowledge;115218
giving;115074
bed;115014
response;114939
increase;114924
billion;114898
san;114727
de;114624
potential;114479
sent;114430
miss;114110
eat;113517
china;113498
despite;113288
played;113196
deep;113122
stories;112939
due;112894
paul;112865
offer;112838
changed;112829
beginning;112771
begin;112445
training;112149
blue;112093
st;111984
approach;111936
foreign;111815
seven;111802
performance;111754
won;111523
population;111511
worth;111487
access;111377
floor;111198
lower;110785
miles;110753
main;110669
consider;110639
picture;110573
mark;110535
d;110260
kid;110139
huge;109956
supposed;109923
hi;109886
staff;109761
physical;109635
analysis;109477
waiting;109323
growth;109172
cold;108862
sit;108843
written;108612
expected;108607
players;108488
perfect;108434
computer;108193
brown;108188
career;107782
piece;107778
watching;107723
created;107395
star;107361
chief;107306
legal;107176
sign;107165
ability;107136
teacher;106917
workers;106868
doctor;106766
amount;106731
die;106633
follow;106496
pick;106370
quality;106362
t;106264
http;106193
patients;106173
learned;106088
clearly;106055
considered;105913
page;105877
telling;105703
seeing;105651
subject;105183
author;105126
paid;105100
shit;105096
comments;104935
design;104894
behavior;104789
central;104720
families;104444
century;104331
cover;104297
attack;104246
particularly;104067
completely;104010
eight;103906
boys;103690
numbers;103635
fear;103581
allow;103039
success;102983
mrs;102939
hospital;102856
calls;102730
justice;102625
save;102530
herself;102310
bank;102304
growing;102055
member;101546
james;101517
specific;101297
cool;101172
opportunity;101149
size;101018
expect;100989
texas;100975
levels;100896
pass;100722
systems;100709
treatment;100661
iraq;100450
trade;100336
below;100311
wish;100226
drug;100073
sleep;100056
spend;99948
global;99855
various;99848
received;99692
sun;99600
trump;99503
ten;99483
j;99415
nobody;99126
romney;98987
lose;98956
dog;98925
absolutely;98777
safe;98718
section;98695
events;98690
message;98565
online;98471
trust;98449
married;98360
anyway;98121
effort;98053
allowed;98012
store;97668
eye;97624
republicans;97561
judge;97545
added;97512
except;97484
happens;97452
leaders;97322
costs;96736
ms;96731
plans;96704
build;96616
minute;96580
rules;96574
places;96449
impact;96337
event;96286
pain;96264
image;96054
indeed;95933
necessary;95768
hurt;95335
term;95324
sitting;95305
fast;95274
understanding;95221
passed;95173
committee;95145
send;95142
movement;95103
democratic;95069
original;95045
older;94885
religious;94549
source;94528
provided;94247
showed;94182
l;94172
jack;94112
review;93913
starting;93909
helped;93559
none;93497
ideas;93491
union;93434
management;93144
address;93094
israel;93079
included;93056
greater;93039
box;92923
sounds;92776
english;92724
range;92654
resources;92596
addition;92588
built;92481
internet;92455
gun;92417
tomorrow;92417
positive;92376
character;92159
complete;92101
effects;92099
content;91964
politics;91739
jesus;91723
pressure;91672
sat;91659
march;91643
meant;91607
born;91553
reality;91527
popular;91500
sister;91372
lack;91370
forces;91308
date;91235
credit;91195
robert;91095
trouble;91026
army;90950
sunday;90939
standing;90839
loss;90823
peace;90666
ball;90567
visit;90537
democrats;90529
asking;90447
window;90411
throughout;90409
required;90339
account;90332
e;90320
district;90231
arms;90154
respect;90144
leaving;90123
scene;90022
therefore;90013
straight;89870
river;89579
search;89480
june;89314
fuck;89192
organization;89126
loved;89053
ran;88988
lived;88950
disease;88855
reasons;88790
unless;88676
friday;88660
nor;88471
majority;88453
environment;88368
rock;88340
r;88330
cancer;88231
daily;88174
reach;88148
stopped;88086
worse;88077
reports;88076
hello;88049
worry;88038
welcome;88029
insurance;87955
heat;87902
followed;87826
lines;87635
related;87548
shall;87489
production;87373
gives;87351
november;87176
coach;87079
forget;87075
gas;87067
explain;86978
marriage;86830
dollars;86769
statement;86767
chicago;86642
onto;86625
fair;86564
skills;86562
standard;86472
weight;86310
crazy;86117
conditions;86091
theory;85916
pm;85849
song;85747
spending;85611
obviously;85464
brain;85417
calling;85307
parts;85267
imagine;85196
favorite;85169
dinner;85119
professional;85051
debate;84994
tom;84901
caught;84874
professor;84840
july;84808
stage;84800
web;84746
rich;84583
cup;84511
club;84327
teaching;84299
sexual;84266
individuals;84259
hate;84191
named;84115
modern;84033
ta;84026
products;84004
senate;83977
n;83966
violence;83938
mine;83876
stood;83875
goal;83857
talked;83848
leader;83843
efforts;83782
comment;83679
whom;83299
base;83281
crime;83139
wonder;83045
television;82707
civil;82575
g;82559
fish;82524
activities;82507
posted;82376
speech;82260
raised;82227
normal;82160
association;82116
beat;82072
rates;81978
version;81919
radio;81877
safety;81877
freedom;81863
opened;81848
clean;81821
bob;81816
letter;81578
eventually;81511
shut;81417
thousands;81392
increased;81254
bottom;81248
budget;81188
immediately;81173
walked;81096
conference;81091
mike;81020
player;81001
female;80981
protect;80853
europe;80845
skin;80734
agency;80609
activity;80554
network;80499
traditional;80482
wan;80368
interview;80366
environmental;80347
sea;80227
october;80194
region;80163
continued;80060
officer;80047
property;80040
holding;79952
touch;79871
developed;79847
fucking;79814
effective;79720
island;79690
smith;79668
mouth;79641
interested;79575
benefits;79543
previous;79540
nuclear;79491
income;79383
directly;79172
afraid;79066
choose;79006
faith;78969
male;78772
laws;78653
western;78519
dream;78440
ice;78402
la;78376
sell;78265
product;78259
turns;78151
hall;78142
rule;78108
evening;78069
successful;78069
cultural;78052
joe;78052
contact;78026
designed;77987
senior;77941
leading;77881
challenge;77872
suddenly;77755
florida;77535
saturday;77347
serve;77337
associated;77320
anybody;77252
willing;77228
limited;77104
reached;77103
critical;77053
council;77024
values;77001
christian;76910
putting;76840
powerful;76825
september;76631
published;76613
trip;76576
photograph;76513
opinion;76475
fat;76448
easily;76411
secret;76267
sam;76235
funny;76148
anymore;76147
grow;76140
pulled;76133
lord;76051
april;76023
speaking;75978
charge;75916
claim;75893
etc;75861
material;75763
fell;75750
realize;75718
fresh;75661
discussion;75648
plus;75633
official;75623
bar;75569
doubt;75544
remain;75512
glass;75340
tough;75317
french;75301
status;75175
walking;75077
sports;74948
executive;74851
compared;74820
basic;74813
generally;74740
larger;74696
finding;74643
mass;74621
camera;74613
capital;74572
biggest;74532
station;74456
quick;74407
closed;74322
concerned;74300
remains;74263
described;74224
sales;74109
neither;74086
conversation;74079
gold;74061
wide;74046
appear;73958
wind;73942
drink;73876
shown;73856
damn;73726
spring;73662
travel;73512
avoid;73491
track;73423
degree;73391
drugs;73381
huh;73320
fit;73280
peter;73079
pull;72907
style;72902
chinese;72858
hundred;72857
primary;72811
trial;72759
secretary;72748
species;72617
lady;72602
offered;72592
additional;72551
surface;72511
league;72471
attorney;72468
title;72439
mostly;72406
ai;72312
arm;72089
wonderful;72016
hearing;72003
enjoy;71921
commercial;71901
rose;71876
kitchen;71859
images;71800
meaning;71690
influence;71636
employees;71613
stock;71592
weekend;71582
jim;71381
appears;71179
purpose;71041
definitely;71013
tree;70808
voters;70660
windows;70625
governor;70570
card;70486
british;70388
taxes;70273
prices;70267
investigation;70243
heavy;70195
amazing;70181
round;70173
records;70155
happening;70151
mary;70121
fighting;69937
direct;69902
complex;69891
coffee;69798
overall;69788
bought;69772
steps;69771
mission;69659
stars;69625
cell;69508
labor;69475
patient;69456
alive;69435
audience;69362
differences;69359
otherwise;69349
excuse;69284
argument;69281
includes;69219
nine;69207
murder;69190
cars;69175
teams;69010
names;68989
suggest;68835
basis;68814
hotel;68809
drop;68763
fans;68744
plant;68641
christmas;68628
senator;68626
highly;68623
standards;68608
monday;68565
failed;68536
text;68508
factors;68471
planning;68380
driving;68329
richard;68323
correct;68322
firm;68312
los;68286
participants;68272
direction;68228
thinks;68173
concern;68090
independent;68046
served;68041
seat;67956
screen;67837
blog;67746
raise;67742
truly;67705
keeping;67700
journal;67691
nations;67636
football;67635
forced;67635
hill;67547
features;67505
details;67475
responsible;67382
apparently;67307
decades;67302
crisis;67295
rise;67246
southern;67235
spoke;67224
memory;67214
sold;67208
becomes;67198
johnson;67177
release;67177
missing;67163
totally;67158
catch;66972
animals;66842
develop;66815
slow;66740
stupid;66726
weapons;66702
notes;66603
strategy;66602
battle;66588
collection;66523
manager;66420
authority;66398
sick;66350
produce;66254
sweet;66147
decisions;66146
worst;66068
currently;66060
presence;66024
trees;66017
european;65950
feels;65936
thomas;65904
folks;65895
negative;65804
watched;65764
wearing;65731
yesterday;65715
somewhere;65679
returned;65641
appeared;65557
join;65556
edge;65539
grew;65537
released;65526
ended;65523
debt;65509
carry;65475
extra;65423
provides;65327
speed;65310
leadership;65293
um;65289
leaves;65226
benefit;65148
latest;65134
items;65091
multiple;65000
intelligence;64953
spirit;64950
seriously;64923
claims;64920
actual;64826
lots;64819
runs;64665
prison;64659
w;64606
beach;64602
policies;64599
citizens;64586
opening;64578
agreed;64569
dance;64527
sources;64520
regular;64397
pictures;64389
ride;64338
museum;64186
measure;64178
dangerous;64155
responsibility;64142
afternoon;64035
spot;63980
f;63975
believed;63962
finished;63897
religion;63868
accept;63845
january;63765
tells;63761
require;63685
machine;63652
scientists;63597
lie;63587
aware;63512
agreement;63507
candidate;63475
band;63422
covered;63332
closer;63303
continues;63288
fully;63268
tuesday;63251
structure;63205
editor;63061
ship;63056
chris;62970
christ;62961
august;62947
chair;62880
bag;62855
researchers;62832
lake;62825
caused;62532
block;62529
attempt;62475
promise;62420
mentioned;62412
realized;62410
homes;62375
code;62351
smile;62350
wow;62315
ii;62200
basically;62127
decide;62105
broken;62064
helping;62016
knowing;61970
climate;61915
generation;61739
twice;61652
winter;61623
parties;61607
sky;61595
turning;61399
throw;61378
presidential;61355
x;61341
receive;61244
corner;61225
setting;61189
actions;61176
apple;61151
threat;61014
filled;60999
largest;60947
slowly;60936
wear;60851
advice;60805
healthy;60803
conservative;60776
target;60748
investment;60683
easier;60667
hundreds;60656
smart;60608
models;60554
mexico;60527
path;60425
paying;60374
surprise;60329
camp;60302
notice;60277
william;60247
gay;60226
picked;60210
cash;60174
showing;60174
liked;60170
offers;60163
officers;60161
foot;60130
types;60070
millions;60018
uses;60012
context;59893
vision;59855
frank;59800
eating;59791
becoming;59736
mental;59734
progress;59709
task;59688
annual;59672
glad;59661
appropriate;59641
cities;59636
spread;59636
instance;59611
magazine;59601
plants;59598
software;59591
surprised;59559
warm;59469
damage;59466
grand;59433
broke;59425
protection;59413
francisco;59364
reform;59344
quiet;59333
handle;59322
sides;59129
moral;59101
iran;59060
scale;59044
african;59005
reduce;58979
dropped;58947
train;58945
clothes;58927
library;58915
interests;58903
active;58859
push;58815
london;58801
steve;58774
vice;58674
changing;58567
weather;58538
cells;58423
academic;58415
animal;58413
improve;58392
demand;58378
strength;58373
mountain;58363
pieces;58332
condition;58322
distance;58268
towards;58262
africa;58258
fund;58252
institute;58192
starts;58138
creating;58112
possibly;58101
customers;58086
sites;58082
tiny;58061
writer;58059
lay;58051
impossible;58014
master;57946
foundation;57913
gotten;57913
teach;57911
concerns;57864
produced;57779
movies;57775
angeles;57767
forms;57739
apartment;57719
projects;57710
survey;57673
count;57644
somehow;57616
exercise;57615
scientific;57561
noted;57538
variety;57511
stone;57458
charles;57438
smaller;57399
bay;57396
wild;57357
mention;57313
guard;57152
losing;57045
thoughts;57044
communities;56980
birth;56972
partner;56948
solution;56939
prepared;56900
crowd;56888
doctors;56880
characters;56844
determine;56816
obvious;56768
planet;56741
arts;56691
thursday;56666
suggested;56627
taught;56622
shape;56601
separate;56593
ah;56574
arrived;56526
balance;56518
virginia;56517
jones;56476
seconds;56396
factor;56371
agent;56370
garden;56364
martin;56338
failure;56317
atlanta;56309
criminal;56306
square;56120
organizations;56103
younger;56098
commission;56080
announced;56005
native;55943
h;55849
measures;55842
worried;55751
advantage;55691
contract;55686
plays;55677
bigger;55604
killing;55585
strange;55570
georgia;55527
slightly;55454
artist;55452
scott;55402
evil;55348
tour;55290
greatest;55273
neighborhood;55186
prevent;55091
historical;55043
finish;55030
apart;55026
legs;54999
goals;54978
honey;54970
double;54943
established;54943
method;54934
experiences;54933
russia;54885
unique;54862
prove;54838
function;54828
host;54773
captain;54761
discovered;54753
cross;54731
familiar;54727
ourselves;54725
funds;54708
voice-over;54695
v;54689
bowl;54623
relationships;54561
identity;54527
users;54477
competition;54442
honor;54413
file;54354
facts;54341
troops;54248
shooting;54229
concept;54156
listening;54138
plane;54111
lee;54069
focused;54058
anywhere;54040
streets;54014
catholic;54008
december;53987
dry;53930
jackson;53879
residents;53795
wednesday;53720
cook;53711
presented;53695
exist;53676
perspective;53634
famous;53632
soldiers;53584
placed;53554
dress;53534
novel;53509
fourth;53506
requires;53459
favor;53451
lawyer;53448
suggests;53389
decade;53352
bear;53348
snow;53292
plenty;53259
background;53192
abuse;53146
missed;53126
exchange;53102
views;53040
empty;53021
attacks;53016
minister;52984
ed;52976
candidates;52968
developing;52958
supreme;52946
shop;52876
conflict;52757
identified;52706
signed;52698
website;52692
tests;52681
materials;52595
colorado;52501
shared;52411
options;52407
restaurant;52382
relations;52373
baseball;52311
practices;52294
stick;52290
soul;52277
fellow;52259
terrible;52192
yards;52139
link;52133
thousand;52115
relatively;52074
signs;52066
japan;52047
tend;52027
coast;52025
construction;51969
proud;51946
option;51915
angry;51907
flight;51904
helps;51894
forever;51864
desire;51859
moon;51840
sad;51817
kinds;51809
extremely;51796
lucky;51795
corporate;51727
prior;51686
storm;51639
regarding;51573
experts;51528
via;51451
wine;51444
importance;51421
feelings;51419
appreciate;51410
heads;51401
letters;51398
unit;51383
emotional;51367
suit;51283
lunch;51274
shoot;51265
traffic;51210
van;51199
division;51169
salt;51032
literature;50953
driver;50904
aside;50890
wake;50890
charges;50878
ryan;50878
adults;50873
medicine;50870
possibility;50842
equipment;50808
expensive;50806
joined;50806
luck;50803
bright;50792
emergency;50758
readers;50747
methods;50737
mistake;50724
banks;50719
tired;50718
truck;50714
em;50680
recognize;50674
indian;50633
waste;50599
classes;50595
matters;50521
border;50492
alternative;50471
facebook;50401
match;50381
institutions;50377
bet;50349
rain;50323
victory;50290
winning;50270
sees;50217
opportunities;50213
providing;50210
busy;50195
ben;50170
carried;50169
google;50143
victims;50089
fox;50042
stress;50001
score;49993
breath;49989
harry;49987
bus;49939
allows;49919
ultimately;49912
unfortunately;49893
begins;49863
youth;49847
businesses;49841
core;49811
gift;49750
connection;49739
fly;49696
aid;49661
educational;49650
larry;49632
neck;49609
comfortable;49595
increasing;49557
forest;49549
mayor;49524
useful;49507
noticed;49490
boat;49485
chairman;49469
digital;49469
grade;49468
japanese;49459
entirely;49396
selling;49361
tools;49359
operation;49354
explained;49339
equal;49320
russian;49304
pages;49269
lights;49245
village;49226
williams;49179
sample;49159
stands;49137
england;49114
adult;49082
identify;49061
owner;49004
lies;48959
specifically;48953
shoulder;48861
cast;48815
walls;48734
scores;48733
bringing;48712
boston;48708
lying;48688
understood;48645
soviet;48591
proposed;48566
fan;48550
determined;48519
guide;48392
coverage;48364
hole;48355
fingers;48334
ring;48322
valley;48322
managed;48291
henry;48248
apply;48236
location;48188
farm;48171
cuts;48140
o;48131
taste;48112
elements;48110
expression;48093
carolina;48078
figures;48016
blame;47985
photos;47981
bodies;47973
careful;47897
hang;47812
unidentified;47749
discuss;47732
domestic;47727
shoes;47706
pointed;47696
ass;47690
testing;47620
faces;47572
soft;47571
quarter;47567
markets;47560
wood;47531
universe;47411
german;47392
dear;47261
massive;47175
honest;47172
chicken;47161
gain;47151
northern;47107
era;46925
excellent;46883
highest;46821
sugar;46807
supply;46795
houston;46790
respond;46765
enter;46752
urban;46752
jewish;46744
yours;46737
germany;46720
buying;46714
dogs;46661
operations;46654
liberal;46625
draw;46608
email;46575
funding;46537
fix;46519
artists;46515
ends;46464
february;46449
illegal;46429
answers;46425
prime;46411
significantly;46404
experienced;46402
humans;46277
roll;46264
tea;46245
moments;46238
keeps;46226
eastern;46205
housing;46202
hoping;46179
democracy;46084
canada;46067
believes;46060
largely;46007
gender;45977
fuel;45931
initial;45825
serving;45765
committed;45721
planned;45704
stuck;45673
houses;45671
france;45670
brothers;45639
unlike;45638
maintain;45628
fill;45602
findings;45600
reaction;45544
affect;45528
guilty;45473
pair;45454
super;45431
beauty;45399
holy;45383
constitution;45379
grown;45333
magic;45296
everywhere;45285
internal;45271
remove;45253
drinking;45236
self;45143
assessment;45123
ohio;45069
shift;45046
treated;45041
increasingly;44981
communication;44956
besides;44873
fbi;44760
necessarily;44714
extent;44585
horse;44581
leads;44539
previously;44525
opposite;44480
seek;44453
marketing;44345
bridge;44312
cnn;44295
songs;44256
argue;44245
assume;44239
scared;44238
wedding;44167
acting;44150
pushed;44109
treat;44065
parent;44061
votes;43917
challenges;43872
plastic;43853
confidence;43844
beer;43834
usual;43822
yellow;43817
grace;43785
occurred;43749
smoke;43722
creative;43693
gray;43685
device;43659
newspaper;43644
likes;43595
don;43589
painting;43553
describe;43523
dealing;43454
uncle;43444
forth;43439
hardly;43425
cards;43361
elected;43297
vs;43297
bunch;43296
personally;43284
map;43265
silver;43234
pounds;43222
victim;43191
considering;43163
ensure;43117
passing;43112
carefully;43079
agencies;43064
chest;43029
afford;42994
remained;42963
meat;42940
jury;42892
daddy;42885
ancient;42878
dan;42854
assistant;42850
object;42782
long-term;42780
classroom;42777
fashion;42746
talks;42734
desk;42723
boss;42700
tony;42633
fired;42627
jump;42623
ought;42612
faster;42591
doors;42582
laugh;42571
tradition;42569
suspect;42566
intended;42546
rare;42529
pool;42521
accident;42428
theater;42399
accepted;42360
admit;42359
sight;42358
id;42350
fields;42342
barely;42336
vehicle;42329
crew;42323
meanwhile;42314
represent;42300
essential;42270
charlie;42265
pattern;42263
moves;42242
choices;42222
circumstances;42025
somewhat;41949
rising;41918
struggle;41878
charged;41871
capacity;41857
clients;41836
proper;41829
feature;41800
cat;41798
giant;41798
breaking;41735
sport;41725
removed;41720
voting;41715
surgery;41702
thin;41675
regional;41670
grant;41658
FALSE;41624
pop;41624
supported;41593
jeff;41587
saved;41574
remaining;41572
percentage;41545
conducted;41541
contrast;41534
display;41516
brings;41513
nose;41500
weird;41500
falling;41496
typically;41493
adding;41455
application;41440
hollywood;41422
ocean;41411
silence;41410
singing;41382
india;41352
denver;41321
tight;41298
solid;41199
applied;41169
existing;41128
temperature;41117
golden;41102
danger;41048
stores;41045
whoa;41003
reporting;40933
merely;40847
typical;40795
k;40774
revealed;40772
request;40768
manner;40738
consequences;40699
owners;40676
kevin;40663
facing;40662
guns;40647
smell;40643
causes;40625
offering;40606
pleasure;40602
metal;40580
fault;40549
suppose;40531
consumer;40516
puts;40507
jr;40506
documents;40504
sets;40497
authorities;40475
holds;40473
subjects;40455
birthday;40452
classic;40444
strike;40442
mix;40399
flow;40346
copy;40331
leg;40318
examples;40215
lawyers;40211
belief;40181
relative;40106
frequently;40068
tool;40067
dozen;40026
print;40026
tape;40016
positions;39994
reference;39983
flat;39967
excited;39938
donald;39889
mad;39889
estate;39887
defined;39885
observed;39867
stayed;39818
basketball;39812
jail;39797
degrees;39784
sarah;39774
strategies;39768
opposition;39766
seeking;39763
sale;39762
dreams;39717
powers;39671
tall;39669
legislation;39617
responses;39562
harder;39555
ha;39540
louis;39524
paris;39505
immigration;39498
buildings;39472
drew;39447
milk;39441
limit;39438
michigan;39399
net;39387
flying;39381
elections;39380
recognized;39301
brian;39299
rice;39281
accounts;39246
davis;39237
joining;39196
studio;39195
articles;39171
agents;39155
literally;39140
till;39109
existence;39104
attitude;39101
y;39067
consumers;39066
inc;39049
patterns;39038
entered;39034
reduced;39031
objects;39026
headed;38983
ladies;38965
usa;38923
voted;38923
technical;38904
jews;38900
relief;38862
papers;38854
client;38835
vast;38828
finds;38826
achieve;38774
nearby;38750
feed;38734
woods;38734
escape;38659
consistent;38632
ray;38623
abc;38610
length;38592
enforcement;38573
explains;38521
authors;38512
sharing;38506
bird;38464
reporter;38431
introduced;38390
writers;38346
survive;38329
films;38313
completed;38312
expert;38312
dying;38305
commitment;38299
colleagues;38290
enemy;38283
kennedy;38241
abortion;38196
e-mail;38177
ad;38146
israeli;38119
allowing;38117
intervention;38117
teeth;38092
perform;38086
eric;38072
upset;38067
relevant;38066
panel;38037
cry;38019
stated;38017
tim;38002
inches;37988
acts;37950
perfectly;37948
orange;37938
wave;37926
creation;37900
calm;37887
album;37885
solar;37854
amendment;37836
combined;37835
fewer;37779
int;37760
broad;37734
carrying;37701
trail;37678
upper;37645
chose;37639
daniel;37605
loves;37605
wondering;37601
paint;37599
blow;37574
matt;37504
jersey;37499
operating;37485
advanced;37483
conclusion;37460
cream;37460
muslim;37432
thick;37384
zone;37377
visual;37370
chapter;37359
ordered;37323
promised;37317
whenever;37295
revolution;37278
birds;37247
bible;37219
rush;37211
suffering;37171
assistance;37158
reasonable;37114
definition;37107
essentially;37076
duty;37063
circle;37039
shirt;37014
wilson;37008
brief;36989
afghanistan;36973
convention;36972
reader;36926
advance;36903
miller;36870
politicians;36857
devices;36856
command;36846
airport;36793
principles;36785
alcohol;36770
revenue;36763
drove;36761
discussed;36729
depression;36725
frame;36707
investors;36689
brand;36675
deeply;36668
alex;36644
cutting;36625
hopes;36608
episode;36606
opposed;36603
fairly;36578
anger;36548
critics;36548
indicated;36543
mess;36522
shopping;36491
topic;36487
transfer;36475
weak;36461
bills;36435
armed;36428
journey;36400
governments;36381
twitter;36368
pregnant;36365
golf;36354
fed;36338
twenty;36338
estimated;36324
unable;36314
guest;36312
buddy;36272
tears;36268
performed;36260
hanging;36257
beneath;36200
violent;36190
asks;36189
falls;36169
statements;36168
arab;36165
joke;36105
appearance;36074
jimmy;36068
hidden;36063
bond;36045
hide;36014
motion;36013
cheese;35996
arizona;35965
capable;35962
parking;35954
appeal;35947
user;35917
affected;35887
occur;35887
combination;35876
queen;35855
chosen;35837
award;35828
santa;35820
struck;35801
aspects;35778
schedule;35771
extreme;35747
increases;35723
affairs;35716
express;35715
laid;35704
max;35701
wealth;35691
el;35682
poverty;35672
welfare;35667
engine;35637
spiritual;35627
ted;35627
talent;35613
warning;35609
injury;35587
partners;35578
cooking;35574
ages;35568
expressed;35519
noise;35468
jordan;35458
raising;35445
click;35426
sleeping;35425
soil;35417
closely;35323
dollar;35311
industrial;35310
nick;35299
re;35289
childhood;35262
selected;35237
rooms;35236
limits;35223
musical;35193
notion;35179
regardless;35178
fail;35176
numerous;35176
conduct;35170
bathroom;35094
sector;35066
lesson;35049
package;35043
located;34986
turkey;34960
constant;34944
diet;34938
route;34888
detail;34883
jerry;34872
claimed;34864
arrested;34848
plate;34843
drawn;34840
joint;34802
agenda;34797
minority;34781
adam;34775
joy;34747
session;34722
korea;34693
encourage;34667
faculty;34662
laughing;34632
flowers;34622
courts;34607
sending;34598
susan;34590
expectations;34583
pocket;34564
tech;34542
prepare;34520
campus;34461
bell;34456
refused;34450
wars;34448
pack;34440
lips;34431
quote;34402
writes;34398
gulf;34395
sharp;34391
exposure;34353
andrew;34351
figured;34340
quit;34338
gop;34328
purchase;34326
sudden;34315
accused;34309
dean;34258
neighbors;34255
beside;34247
hat;34230
shots;34212
graduate;34211
orders;34200
situations;34174
pushing;34173
connected;34135
kelly;34131
threw;34128
regard;34117
witness;34114
ford;34111
shook;34103
reagan;34098
stepped;34088
finger;34029
dna;34005
silent;34005
loud;34000
medium;33987
supporting;33984
contemporary;33979
organized;33939
engineering;33932
tone;33899
smiled;33897
persons;33873
sentence;33867
requirements;33852
reflect;33831
taylor;33820
suicide;33818
cheap;33808
tied;33784
meetings;33779
nervous;33777
surely;33774
immediate;33757
unusual;33744
document;33701
hero;33696
drawing;33691
hits;33691
breakfast;33654
letting;33627
indicate;33625
bedroom;33606
customer;33586
spanish;33562
joseph;33555
sing;33553
anonymous;33539
dressed;33537
split;33524
explanation;33523
bottle;33515
mirror;33515
studied;33515
kiss;33498
manage;33496
colors;33494
instruction;33445
adds;33435
rural;33396
atmosphere;33391
answered;33386
extended;33360
fruit;33355
mixed;33342
regime;33327
winner;33323
selection;33281
dude;33271
secure;33265
actor;33251
bread;33250
philosophy;33250
zero;33227
holiday;33222
units;33221
memories;33208
constantly;33184
recovery;33151
mobile;33137
severe;33114
mail;33095
primarily;33091
heaven;33090
offense;33062
earned;33023
convinced;33014
clinical;32987
minimum;32987
beliefs;32975
theme;32975
electric;32971
engaged;32965
faced;32964
practical;32957
formed;32951
complicated;32946
remembered;32946
ethnic;32881
downtown;32875
employment;32873
dust;32864
hired;32862
rep;32862
centers;32846
chain;32845
techniques;32804
description;32791
row;32788
processes;32783
distribution;32782
pure;32776
steel;32776
fixed;32773
narrative;32768
proof;32757
goods;32742
kick;32731
incident;32709
prefer;32660
therapy;32650
entertainment;32644
recall;32627
improved;32626
foods;32615
pink;32613
ceo;32591
enjoyed;32591
resistance;32591
promote;32579
bomb;32530
dick;32512
elsewhere;32501
represented;32487
waited;32485
dave;32474
blind;32461
argued;32459
tested;32459
outcome;32445
iraqi;32433
awesome;32431
carter;32375
follows;32359
fundamental;32346
category;32320
eggs;32308
staying;32297
begun;32286
howard;32280
weapon;32278
lab;32272
principle;32254
widely;32237
stronger;32229
replace;32224
destroyed;32216
nov;32215
minds;32205
approximately;32201
sought;32199
criticism;32198
judgment;32195
bitch;32185
comparison;32176
owned;32170
cycle;32129
democrat;32113
chemical;32076
continuing;32068
crying;32060
resolution;32050
innocent;32046
decline;32037
trained;32034
facility;32031
fifth;32024
depends;32022
represents;32016
incredible;32006
posts;31971
strongly;31957
racial;31952
transition;31922
purposes;31898
destroy;31858
disaster;31852
draft;31851
transportation;31828
co;31816
billy;31792
rarely;31762
enormous;31716
returns;31687
valuable;31659
volume;31659
iron;31657
shoulders;31650
characteristics;31632
laughed;31614
channel;31611
mm-hmm;31595
rape;31580
recorded;31550
effectively;31543
pro;31530
academy;31488
principal;31488
wet;31472
ill;31470
immigrants;31460
element;31440
platform;31438
q;31422
junior;31410
invited;31408
sidebar;31386
elizabeth;31382
voiceover;31373
messages;31351
narrow;31346
participation;31333
congressional;31280
lessons;31269
harm;31268
error;31265
nfl;31256
representative;31256
tip;31249
ticket;31233
facilities;31218
wondered;31199
dirty;31188
filed;31179
poll;31147
accurate;31112
launch;31110
computers;31093
bike;31080
retirement;31049
shock;31047
retired;31041
signal;31036
wore;31027
mountains;31026
variables;31025
loose;30991
equally;30989
prince;30980
phase;30968
symptoms;30966
height;30948
polls;30935
links;30923
jane;30910
farmers;30906
landscape;30904
engage;30883
nodded;30870
babies;30861
minor;30843
offensive;30822
participate;30814
rid;30813
arrest;30789
speaker;30776
suffered;30773
mothers;30749
attend;30740
ear;30738
fishing;30720
telephone;30715
breast;30702
defend;30702
institution;30693
potentially;30675
trend;30656
demands;30576
dramatic;30574
attempts;30572
perceived;30565
ya;30538
math;30503
barbara;30491
directed;30467
risks;30467
deliver;30465
proposal;30453
smoking;30418
oct;30394
sept;30383
locked;30357
voices;30347
desert;30337
mama;30324
roof;30320
driven;30308
employee;30261
fought;30243
arguments;30221
intellectual;30220
exposed;30170
formal;30139
roger;30134
jan;30133
virtually;30121
regulations;30118
issued;30091
crimes;30074
procedures;30064
interviews;30063
tie;30048
pulling;30039
networks;30033
grab;30025
nights;30025
illinois;30009
approved;30007
establish;29993
normally;29972
guests;29971
solve;29934
inspired;29874
moreover;29860
ordinary;29858
pants;29824
detroit;29805
sand;29800
cable;29797
ending;29788
yard;29787
fiction;29778
grass;29772
passion;29770
visitors;29760
competitive;29758
helpful;29738
gary;29735
sen;29731
jason;29718
exists;29711
adopted;29694
estimates;29676
courses;29671
files;29653
experiment;29652
islamic;29630
vietnam;29619
u;29610
evolution;29607
carbon;29585
nurse;29578
killer;29572
tickets;29555
walks;29551
seats;29525
ears;29511
comfort;29494
reporters;29488
so-called;29485
terrorist;29477
meal;29472
gene;29469
collected;29461
odd;29449
confirmed;29424
personality;29422
delivered;29393
pilot;29393
hillary;29385
settled;29385
highway;29378
pacific;29372
burning;29357
clip;29356
fallen;29355
procedure;29354
clark;29342
license;29341
depending;29294
knife;29274
avenue;29269
rolling;29258
awareness;29255
replaced;29241
exact;29234
achievement;29220
advertising;29212
profit;29189
loan;29175
exciting;29174
gap;29166
wanting;29151
mm;29146
navy;29131
lovely;29118
privacy;29113
lets;29110
properly;29097
originally;29092
statistics;29092
electronic;29074
monitor;29073
linked;29068
asia;29064
asian;29054
aids;29039
applications;29037
girlfriend;29037
boyfriend;29034
and/or;29030
informed;28925
pat;28919
visible;28915
chances;28898
heavily;28893
crash;28880
touched;28879
serves;28874
deserve;28866
latter;28861
un;28838
hurry;28835
butter;28834
lewis;28832
bone;28809
receiving;28808
solutions;28806
independence;28782
roles;28773
reveal;28768
diversity;28758
psychological;28754
controlled;28737
firms;28727
miami;28725
intense;28722
ideal;28706
entry;28705
italian;28704
anderson;28663
plain;28652
edition;28650
counter;28648
communications;28605
commander;28593
contains;28582
hung;28557
burn;28555
hmm;28550
republic;28542
cops;28540
closing;28533
shares;28515
technologies;28505
disagree;28484
worker;28483
defensive;28477
whereas;28475
recognition;28450
pepper;28448
ron;28440
protein;28436
ignore;28422
surrounding;28398
vehicles;28395
tries;28391
assault;28389
rick;28372
permanent;28361
proved;28348
nowhere;28332
lincoln;28330
shame;28322
cbs;28305
hungry;28299
ann;28295
mccain;28289
universal;28277
reserve;28270
constitutional;28265
supporters;28263
shadow;28259
crucial;28246
checked;28234
aspect;28225
granted;28222
bags;28217
patrick;28205
pennsylvania;28204
ridiculous;28203
coat;28202
festival;28189
hunt;28178
savings;28173
sensitive;28136
simon;28122
involvement;28119
heading;28118
tips;28117
cloud;28110
scenes;28100
nt;28099
roughly;28094
mexican;28081
bruce;28069
outcomes;28066
reputation;28056
responded;28056
medicare;28055
sits;28048
switch;28047
genetic;28038
bye;28021
unknown;28010
marine;28004
kidding;28002
mystery;27999
opens;27998
britain;27995
approaches;27994
awful;27988
ultimate;27979
wins;27975
microsoft;27969
explore;27968
cake;27960
massachusetts;27955
kim;27936
sons;27932
lisa;27908
repeat;27868
drunk;27865
survival;27861
inner;27844
darkness;27810
personnel;27804
historic;27802
bureau;27799
iowa;27781
pride;27778
royal;27755
stomach;27740
discovery;27719
citizen;27690
assets;27686
mitt;27671
aunt;27665
waves;27665
measured;27663
seasons;27660
approval;27648
machines;27646
portion;27646
destruction;27630
random;27621
threatened;27619
dancing;27618
hills;27615
opinions;27590
prayer;27589
smooth;27585
ph;27584
initially;27582
item;27576
listed;27570
lift;27569
app;27568
absence;27566
friendly;27566
photographs;27561
allen;27552
suffer;27552
rough;27551
contain;27550
raw;27548
launched;27527
scheduled;27524
skill;27523
visited;27507
involving;27493
horrible;27469
christians;27463
cop;27447
obtained;27447
declared;27440
latin;27436
philadelphia;27421
repeated;27419
concrete;27400
austin;27397
unlikely;27384
mood;27383
returning;27374
gentlemen;27354
swing;27348
liberty;27317
finance;27302
pace;27298
studying;27294
button;27239
palestinian;27229
denied;27221
pan;27210
compare;27207
deficit;27200
anxiety;27199
referred;27195
naturally;27186
cute;27184
athletes;27173
emphasis;27171
hopefully;27159
detective;27157
deeper;27155
throat;27155
forgotten;27139
drama;27126
combat;27125
saddam;27107
angel;27097
resource;27088
sisters;27088
sake;27026
spoken;27020
blocks;27015
apparent;27008
brilliant;26996
knees;26982
stephen;26970
profile;26955
storage;26955
honestly;26943
loans;26918
saving;26915
stops;26908
syria;26894
admitted;26893
hunting;26878
samples;26865
nancy;26858
aggressive;26839
wisdom;26820
andy;26808
seattle;26799
marry;26797
throwing;26786
divided;26766
column;26764
stretch;26762
update;26755
bears;26715
amy;26713
curriculum;26713
reviews;26705
behaviors;26700
radical;26700
harvard;26688
struggling;26677
reaching;26676
sauce;26625
contribute;26624
waters;26613
picking;26599
dating;26590
detailed;26585
elementary;26569
precisely;26552
passage;26536
alan;26531
substantial;26531
illness;26511
curious;26494
plot;26488
hoped;26479
sighs;26464
passes;26457
bones;26451
examine;26449
roberts;26442
biological;26441
improvement;26432
corn;26430
territory;26414
similarly;26408
gathered;26394
juice;26393
grandmother;26380
confused;26368
ongoing;26368
structures;26349
pot;26348
controls;26347
barack;26344
blacks;26334
sandy;26330
clock;26313
household;26308
ap;26305
harris;26305
judges;26301
delivery;26287
occasionally;26284
hitting;26281
mistakes;26269
attitudes;26261
unemployment;26259
categories;26252
im;26246
recommended;26239
chocolate;26236
bobby;26224
index;26220
speaks;26211
cap;26200
egg;26188
evaluation;26182
traveling;26163
championship;26154
confident;26149
foster;26144
colleges;26141
riding;26139
reduction;26122
strategic;26107
sheriff;26104
empire;26087
electricity;26030
trading;26017
deals;25966
laughter;25958
gore;25946
ads;25931
egypt;25927
properties;25927
assumed;25916
objective;25912
rescue;25901
marked;25884
surprising;25871
divorce;25866
amounts;25844
formula;25817
deaths;25813
terror;25798
interpretation;25795
substance;25787
kate;25781
anthony;25753
actors;25723
thrown;25718
addressed;25716
forgot;25713
fred;25698
hurricane;25698
stable;25662
regularly;25660
versus;25656
select;25650
minnesota;25649
cups;25647
cameras;25628
roads;25621
roman;25613
gate;25607
staring;25605
covering;25601
fiscal;25601
terrorism;25588
professionals;25566
tracks;25560
greg;25551
canadian;25548
kansas;25542
earn;25526
clothing;25500
routine;25461
cia;25459
conservatives;25459
lifetime;25455
fees;25422
islam;25415
generations;25414
testimony;25413
phrase;25405
discover;25401
load;25389
phil;25375
branch;25373
regions;25367
attended;25361
veterans;25304
organic;25301
eve;25287
technique;25286
interaction;25285
diverse;25284
managers;25260
injuries;25259
causing;25256
components;25247
expansion;25244
absolute;25223
stadium;25212
sheet;25211
protected;25205
jacket;25173
external;25155
fig;25147
describes;25131
stocks;25119
coaches;25107
coalition;25107
danny;25075
warming;25052
implications;25044
flag;25040
sin;25032
functions;25022
screaming;24990
walker;24978
difficulty;24964
fake;24959
publicly;24956
pray;24953
rapidly;24948
ross;24947
scored;24937
secondary;24927
mainly;24919
dedicated;24903
lock;24899
vacation;24895
burned;24879
define;24875
dirt;24875
asleep;24869
fort;24865
bother;24858
prize;24858
extraordinary;24854
painted;24852
breathing;24848
threats;24838
recommend;24832
buried;24830
mode;24829
roots;24817
abandoned;24816
columbia;24815
stations;24804
creek;24799
port;24796
soldier;24784
pointing;24776
encouraged;24761
peak;24742
keys;24724
bars;24711
demonstrated;24707
tank;24706
dozens;24705
hire;24705
thirty;24698
searching;24695
disappeared;24692
comprehensive;24673
expand;24667
conventional;24663
attacked;24655
exception;24652
narrator;24651
hospitals;24649
regulation;24641
breaks;24626
moore;24622
supplies;24613
belt;24610
representatives;24590
fraud;24583
viewed;24583
infrastructure;24581
examined;24580
wheel;24578
suggesting;24564
efficient;24554
mile;24540
pp;24538
wing;24532
horses;24530
maximum;24525
rocks;24514
involves;24491
steady;24491
economics;24483
weekly;24461
nevertheless;24454
collective;24437
resulting;24417
wash;24415
burden;24404
stream;24393
marks;24378
interior;24375
differently;24372
knee;24372
muslims;24361
psychology;24358
bound;24353
populations;24343
chase;24334
mixture;24325
relax;24323
covers;24321
associate;24304
angle;24297
rolled;24297
humanity;24287
jay;24285
perception;24279
rachel;24254
shake;24249
jumped;24239
quietly;24231
offices;24225
maryland;24215
emerged;24209
framework;24187
attached;24153
remind;24138
kingdom;24135
sounded;24124
gained;24109
presents;24108
edward;24107
logic;24107
gallery;24089
injured;24089
supports;24066
flash;24058
oregon;24049
contributions;24043
beings;24037
wise;24028
crap;24017
laughs;24015
shortly;23999
ugly;23987
root;23985
walter;23985
stared;23981
losses;23964
remarkable;23954
protest;23948
naked;23938
capture;23937
restaurants;23925
sufficient;23924
virus;23916
tower;23889
counsel;23864
consumption;23849
deputy;23829
criteria;23820
visiting;23815
initiative;23791
assembly;23789
australia;23783
priority;23783
pakistan;23776
sessions;23776
everyday;23762
dallas;23760
declined;23752
veteran;23732
replied;23725
introduction;23724
holes;23720
neighbor;23719
impressive;23715
fantastic;23696
handed;23696
indians;23696
fate;23694
ooh;23690
dialogue;23666
ma;23643
ignored;23640
impression;23636
jennifer;23633
ate;23622
crossed;23605
attractive;23600
fool;23589
thats;23582
remote;23581
crack;23578
newly;23545
silly;23513
glasses;23502
odds;23498
hearts;23495
barry;23492
ties;23474
italy;23472
achieved;23450
wolf;23442
gear;23420
vulnerable;23415
emotions;23409
operate;23405
iii;23403
humor;23398
quarterback;23391
legitimate;23390
connect;23387
elite;23372
comedy;23361
moderate;23360
badly;23358
prevention;23354
equivalent;23318
mere;23318
literary;23309
concluded;23305
pitch;23297
correspondent;23288
hiding;23281
menu;23269
desperate;23265
distant;23262
npr;23260
politically;23256
settle;23240
recording;23231
captured;23229
tasks;23219
conversations;23216
founded;23209
sec;23205
muscle;23199
surrounded;23199
frozen;23194
corporations;23186
warned;23174
wisconsin;23173
loving;23168
movements;23162
parks;23141
lifted;23127
drivers;23126
terry;23124
challenging;23122
orleans;23115
incredibly;23110
cooperation;23103
spokesman;23099
universities;23091
temple;23090
settings;23083
connections;23073
compete;23053
phones;23041
extensive;23032
stairs;23029
johnny;23023
pleased;23020
newspapers;23017
rely;23016
videos;23006
vital;23004
affair;23000
ruling;22984
collapse;22975
tables;22969
gang;22958
trick;22926
ban;22916
depth;22911
contained;22909
smiling;22902
fantasy;22882
churches;22874
carly;22869
worldwide;22864
employed;22863
permission;22862
saudi;22854
atlantic;22851
boots;22850
producer;22823
nbc;22804
mount;22802
jake;22800
creates;22792
romantic;22789
reducing;22780
poetry;22779
discussions;22770
investigators;22769
profits;22764
awards;22734
payment;22730
rating;22727
convince;22724
reminded;22723
directions;22722
decent;22719
superior;22704
diseases;22698
belong;22693
settlement;22690
wooden;22689
drives;22683
educators;22680
feedback;22673
uniform;22652
centuries;22646
manhattan;22625
arrive;22619
assigned;22606
concerning;22606
genes;22599
dawn;22597
males;22597
frankly;22596
guidelines;22593
linda;22591
concepts;22575
singer;22567
disabilities;22565
factory;22546
lieutenant;22528
performing;22528
paintings;22527
estimate;22525
wire;22508
instant;22505
ships;22496
attempted;22475
scenario;22475
contest;22470
demonstrate;22470
ease;22456
payments;22450
daughters;22444
manufacturing;22439
anna;22436
hence;22434
deny;22420
establishment;22403
collect;22388
furthermore;22385
stolen;22366
rent;22360
concert;22357
diego;22347
fancy;22329
motor;22328
preparing;22315
painful;22306
vol;22300
nursing;22298
topics;22292
enemies;22290
ambassador;22289
tongue;22280
lane;22274
grounds;22269
negotiations;22264
courage;22263
bonds;22258
boxes;22248
allies;22239
implementation;22239
physically;22231
inflation;22219
temporary;22219
laura;22193
mainstream;22181
congressman;22169
consideration;22162
flesh;22152
rejected;22152
successfully;22152
indicates;22131
knock;22129
ext;22125
checking;22124
baltimore;22122
cousin;22116
dependent;22107
intent;22106
infection;22103
cleveland;22100
rob;22100
alliance;22097
contributed;22097
repeatedly;22084
relation;22076
happiness;22073
discipline;22056
grabbed;22042
processing;22039
alien;22038
sean;22037
url=http;22028
cited;22027
conservation;22025
industries;22023
scholars;22008
resulted;22006
aircraft;21998
ceiling;21993
races;21979
tommy;21979
matthew;21971
defeat;21950
producing;21948
shower;21946
palm;21943
cognitive;21932
morgan;21931
furniture;21929
imagined;21927
beating;21920
expecting;21920
monster;21920
scientist;21917
occurs;21916
grateful;21908
greek;21892
pete;21887
warren;21885
fifty;21883
component;21882
balls;21878
guarantee;21871
packed;21870
spots;21855
tremendous;21846
aim;21840
trends;21838
significance;21835
protecting;21820
physics;21819
targets;21819
wealthy;21817
ministry;21814
iphone;21807
respondents;21806
gifts;21801
imagination;21799
vegetables;21794
baker;21782
prominent;21759
cultures;21745
focusing;21742
wound;21709
lately;21700
theories;21695
champion;21694
entering;21693
vegas;21689
memorial;21678
pregnancy;21675
ratings;21651
subsequent;21619
karen;21617
funeral;21607
mars;21601
celebrate;21573
grandfather;21573
fears;21570
fame;21569
executives;21558
fortune;21556
emerging;21555
locations;21540
bite;21533
behalf;21531
landing;21529
proven;21522
label;21520
amazon;21515
hussein;21513
discrimination;21511
tale;21472
promises;21470
gains;21461
alleged;21460
contrary;21454
fee;21446
pursue;21444
josh;21437
olympic;21431
forgive;21430
satisfaction;21423
listened;21419
scary;21388
efficiency;21387
strip;21378
carl;21361
sequence;21328
legacy;21310
succeed;21303
sorts;21302
enterprise;21296
corporation;21290
mortgage;21288
involve;21282
shore;21277
gross;21269
whoever;21268
gates;21257
ethics;21245
preparation;21244
calories;21231
engagement;21230
hunter;21228
checks;21222
pressed;21215
referring;21188
obtain;21176
gordon;21171
duke;21166
generate;21156
nuts;21156
partly;21149
whites;21147
disappointed;21140
broadcast;21139
laboratory;21138
wrapped;21137
delay;21136
dynamic;21136
deck;21135
couples;21130
string;21127
pope;21112
hated;21103
irish;21056
gather;21055
terrorists;21053
presentation;21049
wings;21049
chamber;21043
consciousness;21032
coal;21030
communist;21020
stability;21016
scope;21012
steven;21003
publication;21001
improving;21000
tournament;20988
gently;20986
layer;20979
steal;20956
i-i;20941
jon;20938
overcome;20934
controversial;20903
generated;20902
kicked;20896
contracts;20893
clouds;20892
priest;20879
maintenance;20878
nasa;20869
simpson;20864
ratio;20861
twelve;20852
instrument;20851
candy;20809
instructions;20806
aimed;20791
opponents;20790
mississippi;20788
punishment;20779
fifteen;20750
integrity;20739
engineers;20736
resident;20728
forum;20720
intelligent;20720
alabama;20717
distinct;20714
tragedy;20708
bucks;20704
insisted;20700
founder;20699
thompson;20697
instruments;20692
luke;20687
survived;20687
rapid;20674
trips;20670
oklahoma;20668
strikes;20666
springs;20655
analyst;20651
acceptable;20649
managing;20635
commerce;20633
mutual;20627
meaningful;20625
respectively;20613
eddie;20599
auto;20590
anniversary;20586
witnesses;20576
assuming;20575
lists;20557
dish;20535
journalists;20535
shelter;20532
boom;20526
predicted;20523
jazz;20522
liquid;20520
bench;20518
analyses;20511
handful;20486
couch;20480
roker;20469
employers;20454
penalty;20452
russell;20443
periods;20440
cleaning;20438
discussing;20400
entrance;20395
recession;20395
disorder;20390
progressive;20390
presidency;20373
salary;20367
copyright;20364
recipe;20362
dates;20361
extension;20360
extend;20356
swear;20356
monitoring;20354
garage;20339
monthly;20332
ken;20329
exit;20327
pulls;20327
spain;20326
wildlife;20322
reflected;20320
retail;20318
refer;20314
soccer;20314
arthur;20313
tension;20306
breathe;20305
drinks;20304
seed;20290
aug;20287
publishing;20284
radiation;20277
entitled;20263
communicate;20261
fence;20260
volunteers;20257
homeless;20255
frequency;20250
uncomfortable;20249
stewart;20236
en;20223
dining;20218
gathering;20217
civilian;20215
racist;20215
oven;20211
sciences;20199
ingredients;20196
arguing;20182
devil;20176
shell;20163
analysts;20161
identification;20150
volunteer;20149
chef;20144
encounter;20140
ghost;20134
alice;20116
trials;20113
innovation;20111
investigate;20101
shocked;20090
climb;20082
leather;20077
tissue;20068
membership;20064
register;20063
resort;20062
capitol;20060
compromise;20058
considerable;20056
approached;20052
phenomenon;20038
visits;20038
districts;20029
lifestyle;20025
expanded;20023
healthcare;20019
automatically;20010
headquarters;20010
sacrifice;20010
seeds;19996
disney;19984
dumb;19977
cried;19976
pretend;19966
script;19962
lands;19938
ma'am;19930
pc;19928
hook;19926
observation;19917
introduce;19916
greatly;19915
nba;19915
preferred;19910
essay;19901
alright;19891
females;19890
variable;19874
earnings;19861
commit;19853
midnight;19846
experimental;19836
rear;19828
motivation;19821
designer;19817
refuse;19815
bloody;19804
graham;19800
upstairs;19795
frequent;19793
perry;19778
fiber;19774
elderly;19771
acknowledge;19753
deer;19741
virtual;19737
contribution;19733
maria;19728
trash;19715
convicted;19713
sooner;19704
corruption;19699
indiana;19692
christopher;19689
swimming;19689
observations;19682
chart;19677
purchased;19677
giants;19674
counts;19673
athletic;19652
wallace;19651
chuck;19648
featured;19647
jonathan;19643
failing;19642
registered;19640
legislative;19626
stake;19616
formation;19613
idiot;19612
acres;19610
salad;19609
horror;19605
pizza;19599
leaned;19591
ruled;19582
relatives;19573
ward;19572
agriculture;19566
fathers;19564
assess;19563
origin;19563
embrace;19562
qualified;19555
adams;19544
unions;19543
slide;19537
peers;19535
las;19532
accomplished;19530
sweat;19530
sanctions;19529
pale;19527
heritage;19515
clinic;19509
alexander;19505
texts;19500
robin;19494
stir;19479
eliminate;19470
brush;19467
battery;19465
sink;19461
anne;19459
pet;19456
corps;19453
secrets;19440
shaking;19439
nelson;19437
reverse;19431
expenses;19428
reliable;19428
cares;19425
consistently;19422
missouri;19419
striking;19419
accounting;19400
reaches;19390
isolated;19387
korean;19387
briefly;19386
genius;19379
references;19379
owe;19378
cigarette;19343
craft;19328
soup;19324
emissions;19314
chairs;19288
guards;19287
profession;19282
lawsuit;19280
confusion;19278
existed;19265
backed;19260
devoted;19258
versions;19251
stem;19238
choosing;19234
investments;19223
predict;19222
explaining;19215
filling;19214
handling;19212
representation;19212
limitations;19211
landed;19200
impressed;19195
pollution;19195
towns;19189
guidance;19178
islands;19174
dennis;19173
broader;19165
dominant;19162
stranger;19155
ceremony;19154
circuit;19146
moscow;19143
pie;19129
adventure;19128
depend;19127
sacred;19123
wayne;19112
viewers;19080
grave;19072
consensus;19067
hardware;19063
chopped;19060
friendship;19054
tobacco;19051
slept;19042
ski;19033
tons;19029
stages;19026
pa;19017
divine;19016
presidents;19006
precious;19000
sections;18999
prosecutors;18997
legislature;18996
gov;18993
sixth;18991
controversy;18989
palestinians;18986
murdered;18980
bin;18976
wherever;18974
editorial;18973
rings;18973
expense;18967
michelle;18967
dig;18966
experiments;18953
olive;18950
traveled;18948
scandal;18940
occasion;18939
reply;18929
scheme;18917
thread;18914
seemingly;18906
spin;18897
combine;18894
conclusions;18894
passengers;18888
preserve;18868
administrative;18865
raises;18864
marijuana;18858
gradually;18857
underlying;18849
cents;18848
summary;18841
flew;18823
saint;18823
timing;18807
chip;18803
actress;18793
nixon;18768
meals;18765
racing;18755
copies;18753
widespread;18736
wounded;18731
summit;18727
drops;18724
valid;18722
dc;18721
wage;18715
bishop;18713
recommendations;18712
representing;18708
diane;18707
insight;18706
charity;18703
grades;18702
reads;18692
beans;18684
yo;18679
pentagon;18677
voter;18677
invest;18676
separated;18673
stopping;18673
racism;18656
diabetes;18655
acquired;18645
uk;18642
le;18621
eager;18619
counting;18614
sue;18614
todd;18606
franklin;18600
directors;18598
suspected;18596
inch;18595
picks;18593
complaints;18591
assist;18588
globe;18587
domain;18577
emily;18572
cotton;18570
maintained;18563
parker;18553
possibilities;18543
muscles;18531
mac;18522
tail;18519
employer;18513
engineer;18513
difficulties;18506
pittsburgh;18498
satisfied;18493
institutional;18481
satellite;18470
garlic;18462
threatening;18448
alert;18443
temperatures;18437
database;18436
bull;18424
lawrence;18420
sophisticated;18416
maps;18410
claiming;18407
dishes;18398
interactions;18390
panic;18385
ours;18372
ethical;18369
competing;18367
clubs;18353
abroad;18348
exclusive;18306
charlotte;18305
slip;18294
chronic;18289
pile;18275
targeted;18270
fascinating;18266
knocked;18256
tennessee;18238
slipped;18226
permit;18203
beef;18196
reflection;18183
bankruptcy;18177
boards;18169
mitchell;18168
brooklyn;18165
boost;18164
prisoners;18164
dare;18160
blew;18156
partnership;18150
appointment;18147
bias;18145
makeup;18142
lowest;18136
format;18125
promoting;18121
repair;18120
dropping;18117
helen;18117
distinction;18108
guitar;18105
designs;18100
officially;18085
thanksgiving;18083
producers;18071
lied;18065
ownership;18064
allegations;18060
margaret;18053
colonel;18048
guilt;18047
appointed;18038
interviewed;18035
fitness;18033
disability;18032
bullet;18031
glory;18030
princess;18028
utility;18028
woke;18017
lt;18012
corp;18009
programming;18008
journalist;17995
feeding;17987
unexpected;17978
rome;17975
adoption;17966
poem;17964
errors;17962
advocates;17959
aaron;17951
loading;17949
peer;17949
annie;17944
agricultural;17941
bent;17940
flood;17936
intention;17934
boring;17932
consent;17931
supra;17913
utah;17911
owns;17907
gaze;17905
adequate;17900
yield;17892
symbol;17887
educated;17881
examination;17851
cabinet;17850
chaos;17849
cuba;17844
robinson;17844
clay;17839
diagnosis;17839
physician;17838
exhibition;17834
inspiration;17833
oldest;17831
gospel;17821
closet;17803
mechanism;17800
marshall;17797
shadows;17794
brave;17791
surprisingly;17791
correctly;17782
acknowledged;17781
loaded;17766
modest;17764
pays;17763
encouraging;17757
carries;17755
recalls;17752
lit;17751
mask;17751
hispanic;17747
boundaries;17746
worlds;17736
bare;17730
doc;17728
roy;17722
creature;17720
wells;17718
overwhelming;17716
winds;17713
assumption;17707
closest;17704
craig;17704
mg;17695
calif;17691
overseas;17691
concentration;17682
healing;17678
creatures;17674
essence;17674
powder;17673
commonly;17664
doug;17661
goodbye;17656
invasion;17653
maintaining;17653
jesse;17651
rev;17650
currency;17648
argues;17643
counseling;17628
cooper;17623
reveals;17622
signals;17618
borders;17611
exhibit;17607
influenced;17604
reflects;17603
garbage;17598
nonetheless;17595
deadly;17587
effectiveness;17586
statistical;17579
drag;17568
cliff;17564
apologize;17561
aging;17547
balanced;17537
louisiana;17528
spare;17524
julie;17522
feb;17519
discourse;17512
neighborhoods;17508
stroke;17508
ow;17491
mommy;17488
bid;17480
cure;17479
resolve;17460
galaxy;17459
chuckles;17457
banking;17436
log;17436
overnight;17436
jerusalem;17433
celebration;17425
campaigns;17419
mall;17417
judy;17407
genuine;17405
intensity;17400
complaint;17396
titles;17394
conspiracy;17392
suits;17386
tear;17382
trigger;17375
inevitable;17372
theatre;17372
trillion;17366
habit;17364
oral;17358
expanding;17356
potatoes;17356
slight;17350
alongside;17336
productive;17335
turner;17334
billions;17333
integrated;17331
gods;17329
arena;17328
restrictions;17327
cats;17326
wright;17317
congratulations;17314
lemon;17300
carol;17287
harbor;17269
sheets;17260
announcement;17259
yep;17257
rhetoric;17253
practically;17246
trace;17243
behavioral;17241
porch;17239
enjoying;17236
underground;17231
transport;17227
praise;17226
doctrine;17223
rank;17212
attempting;17209
stole;17208
tube;17205
peoples;17203
acid;17197
hip;17197
piano;17197
endless;17196
buck;17191
hiring;17167
worn;17159
chips;17154
promising;17136
venture;17134
dramatically;17123
describing;17121
liberals;17118
basement;17112
demanding;17109
composition;17108
ethan;17105
spaces;17105
gym;17104
containing;17092
lonely;17086
suggestions;17083
reward;17082
nurses;17078
audio;17069
treaty;17069
comic;17053
tennis;17051
explosion;17043
manufacturers;17028
ranks;16997
smiles;16990
bitter;16986
expertise;16982
activists;16980
attending;16977
antonio;16976
horizon;16974
peaceful;16970
kerry;16949
mouse;16946
jean;16945
brazil;16944
jefferson;16942
parallel;16935
developments;16932
forcing;16924
pen;16921
providers;16921
rational;16921
amber;16900
architecture;16899
lean;16890
crystal;16885
sexy;16883
themes;16883
affordable;16879
donaldson;16879
apps;16878
cleared;16878
douglas;16872
slave;16872
arrival;16871
trucks;16868
artistic;16862
stones;16858
jet;16831
talented;16830
va;16830
invisible;16824
prospect;16824
butt;16823
wages;16814
importantly;16811
consultant;16809
acceptance;16794
commissioner;16786
regulatory;16784
accessible;16783
morris;16778
replacement;16772
tracking;16769
perceptions;16762
kentucky;16760
recalled;16759
orientation;16750
subtle;16747
planes;16746
damaged;16739
rally;16739
goddamn;16734
oxygen;16732
toys;16730
ballot;16721
pause;16711
excitement;16699
possession;16693
trapped;16693
burst;16690
prosecutor;16688
circles;16684
traditions;16683
functional;16682
christianity;16671
accuracy;16668
simultaneously;16649
twin;16637
opera;16625
ronald;16625
engaging;16624
epa;16622
baking;16620
hiv;16618
murphy;16615
habits;16613
shed;16610
emotion;16609
transformation;16606
bullshit;16603
jeans;16597
integration;16593
gravity;16584
heroes;16584
conflicts;16579
cohen;16578
branches;16572
meets;16549
glanced;16524
victor;16518
physicians;16514
refugees;16514
connecticut;16506
refers;16505
advocate;16499
debates;16499
evident;16496
biology;16493
fires;16492
angels;16489
spell;16488
gaza;16484
kong;16477
alaska;16475
enhance;16470
eligible;16468
invite;16467
bacteria;16464
reforms;16464
mate;16462
installed;16453
justin;16448
requirement;16446
purple;16445
min;16436
punch;16435
relate;16432
attracted;16419
attorneys;16417
lawn;16415
farther;16404
crossing;16400
jokes;16397
occasional;16388
flavor;16384
confirm;16377
requests;16377
evaluate;16374
fabric;16374
journalism;16370
sustainable;16370
african-american;16369
videotape;16358
celebrity;16357
proportion;16357
input;16354
scholarship;16354
implement;16352
cabin;16351
worthy;16350
abstract;16349
alarm;16344
wishes;16344
remarks;16337
da;16335
resist;16325
defending;16322
treatments;16318
myth;16317
jacob;16316
languages;16311
joins;16309
blues;16294
oscar;16283
bow;16281
cal;16280
flower;16277
attract;16271
brad;16269
magazines;16267
responsibilities;16261
plates;16256
improvements;16250
challenged;16245
dispute;16238
justify;16238
screening;16233
classical;16229
appeals;16228
surveillance;16226
disappear;16217
photographer;16204
complain;16201
desired;16196
miracle;16195
gm;16194
privilege;16192
struggled;16187
nato;16185
anchor;16181
calculated;16180
regarded;16179
sum;16179
cookies;16176
reminds;16175
pound;16174
regret;16158
printed;16157
sergeant;16151
campbell;16140
structural;16140
responding;16139
whispered;16136
noon;16133
tap;16129
fuckin;16125
logical;16125
counties;16123
vary;16114
generous;16111
senators;16104
handled;16095
arabia;16092
pleasant;16090
crown;16084
shops;16084
custody;16081
equality;16080
cruise;16067
signing;16067
baghdad;16061
insane;16061
frustration;16052
judicial;16052
realistic;16048
jamie;16046
tune;16045
sword;16036
edwards;16035
firing;16030
adopt;16022
wrap;16021
nomination;16019
compensation;16015
requiring;16005
mathematics;16000
handsome;15998
luxury;15985
francis;15981
teen;15980
implemented;15972
lobby;15971
rivers;15971
signature;15971
hong;15970
stanford;15967
administrators;15956
spectrum;15947
theoretical;15946
solo;15941
technological;15934
deserves;15930
ranging;15925
conscious;15918
divide;15917
collins;15906
touching;15903
enable;15900
documentary;15897
coaching;15895
ranch;15889
abilities;15878
maine;15877
actively;15866
gentle;15865
excess;15863
o'reilly;15863
styles;15860
demanded;15852
beast;15850
lucy;15849
frustrated;15848
revenues;15843
decrease;15838
tag;15832
observe;15831
preformatted;15831
transmission;15830
grocery;15824
martha;15824
wider;15823
hampshire;15822
photography;15821
teaspoon;15819
caring;15808
backs;15807
goodness;15802
parliament;15793
clue;15787
societies;15777
burns;15775
continuous;15761
provisions;15761
olympics;15755
literacy;15738
dried;15735
segment;15734
nationwide;15733
toilet;15733
collaboration;15732
participating;15730
output;15729
suggestion;15726
jose;15723
civilization;15716
historically;15715
approaching;15709
hers;15704
posting;15704
legend;15701
slavery;15700
addressing;15698
manual;15694
powell;15692
duties;15691
wheels;15688
compelling;15687
violation;15687
performances;15679
developers;15676
uh-huh;15673
awake;15670
opponent;15670
trauma;15668
bits;15667
